1776,17761919,19191945,19459/11,9/111600s,1600s18th-century,1775-178318th-century,1775-180017th-century,12th-century17th-century,17th-century16th-century,16th-century14th-century,14th-century17th-century-england,17th-century-england19th-century,1800s19th-century,19th-century18th-century,18th-century18th-century-japan,18th-century-japan1900s,1900s1920s,1920s1930s,1930s1940s,1940s1940s-britain,1940s-britain1950s,1950s1960s,1960s1961-1975,1961-19751970s,1970s1980s,1980s1990s,1990s19th-century,19th19th-century-fairy-tales,19th-century-fairy-tales2000s,2000s20s1920s,20s20th-century,20th-century21st-century-fiction,21st-century-fiction60s-decade,60s-decade6th-grade,6th-gradea-novel-in-short-stories,a-novel-in-short-storiesa-socials,a-socialsabandoned,abandonedabandoned-children,abandoned-childrenabduction,abductionabolition,abolitionabolition,abolitionistaboriginal,aboriginalaboriginal,aborigineswwi,about-wwiabraham-lincoln,abraham-lincolnabsurd,absurdabuse,abuseabused-women,abused-womenAcademia,academicAcademia,academiaacceptance,acceptanceaccident,accidentaccidents,accidentsaching,achingaction,actionaction-adventure,action-adventureaction,action-packedaction-thriller,action-thrilleractivism,activismaddiction,addictionaddictive,addictiveadolescence,adolescenceadolescent-literature,adolescent-literatureadolf-hitler,adolf-hitleradoption,adoptionAdult Non Fiction,adult-nonfictionAdult Non Fiction,adult-non-fictionadult-books,adult-booksadult-contemporary,adult-contemporaryadult-fantasy,adult-fantasyadult-fiction,adult-fictionadult-historical-fiction,adult-historical-fictionadult-paranormal,adult-paranormaladult-romance,adult-romanceadultery,adulteryadventure,adventureadventure-thriller,adventure-thrilleradventure-travel,adventure-traveladventurers,adventurersadvertising,advertisingadvice,adviceaesthetics,aestheticsaffair,affairafghan-american,afghan-americanafghan-refugees,afghan-refugeesafghanistan,afghanistanafghanistan-war,afghanistan-warafrica,africaafrican,africanafrican-american,african-americanafrican-american-fiction,african-american-fictionafrican-american-history,african-american-historyafrican-american-literature,african-american-litafrican-american-literature,african-american-literatureafrican-american-studies,african-american-studiesafrican-americans,african-americansafrican-authors,african-authorsafrican-childhood,african-childhoodafrican-fiction,african-fictionafrican-history,african-historyafrican-lit,african-litafrican-literature,american-literatureafrican-literature,south-african-literatureafrican-literature,african-literatureafterlife,afterlifeage,ageage-difference,age-differenceage-difference,age-gapaging,agingagriculture,agricultureartificial-intelligence,aiaids,aidsairplane,airplanealabama,alabamaalaska,alaskaalchemists,alchemistsalchemy,alchemyalcohol,alcoholalcoholic-father,alcoholic-fatheralcoholism,alcoholismalexander-hamilton,alexander-hamiltonalexandria,alexandriaalien,alienalien-invasion,alien-invasionaliens,aliensallegory,allegoryalpha-hero,alpha-heroalpha-male,alpha-malealpha-male,alpha-malesalternate-history,alternate-historyalternate-reality,alternate-realityalternate-universe,alternate-universealternating-pov,alternating-povalternative-history,alternative-historyAlzheimer's,alzheimer-s-diseaseAlzheimer's,alzheimersAlzheimer's,alzheimer-samazing-first-work-by-author,amazing-first-work-by-authorambassador,ambassadorAmerican,americanaAmerican,americansAmerican,americaAmerican,americanAmerican,americasamerican-civil-war,american-civil-waramerican-fiction,american-fictionamerican-history,american-historyamerican-indian,american-indianamerican-lit,american-litamerican-midwest,american-midwestamerican-politics,american-politicsamerican-presidents,american-presidentsamerican-revolution,american-revolutionamerican-south,american-southamerican-west,american-westamish,amishamnesia,amnesiaanalytics,analyticsanatomy,anatomyancient,ancientancient-egypt,ancient-egyptancient-greece,ancient-greeceancient-history,ancient-historyancient-mystery,ancient-mysteryancient-rome,ancient-romeancient-world,ancient-worldangel,angelangel-books,angel-booksangel-island,angel-islandangels,angelsangst,angstangst,angstyanimal,animalanimal-behavior,animal-behavioranimal-books,animal-booksanimal-fantasy,animal-fantasyanimal-fiction,animal-fictionanimal-human-bond,animal-human-bondanimal-rights,animal-rightsanimal-stories,animal-storiesanimals,animalsanne-boleyn,anne-boleynannoying-heroine,annoying-heroineantarctica,antarcticaanthologies,anthologiesanthology,anthologyanthropologists,anthropologistsanthropology,anthropologyanthropomorphism,anthropomorphismAnti Semitism,anti-semitismAnti Semitism,antisemitismanti-hero,anti-heroanti-religion,anti-religionAnti-social,anti-socialAnti-social,antisocialantiherogirls,antiherogirlsapocalypse,apocalypseapocalyptic,apocalypticappalachia,appalachiaapples,applesarab,arabarabic,arabicarchaeology,archaeologyarcher,archerarchitecture,architecturearctic,arcticargentina,argentinaarizona,arizonaarkansas,arkansasarmy,armyaround-the-world,around-the-worldarranged-marriage,arranged-marriageart,artArt History,alt-historyArt History,art-historyart-books,art-booksart-fiction,art-fictionart-theft,art-theftart-theory,art-theoryarthurian,arthurianarthurian-legend,arthurian-legendartificial,artificialartificial-intelligence,artificial-intelligenceartists,artistsarts,artsarts-and-crafts-movement,arts-and-crafts-movementasian,asiaasian,asianasian-american,asian-americanasian,asian-cultureasian-fantasy,asian-fantasyasian-fiction,asian-fictionasian-history,asian-historyasian-lit,asian-litasian,asian-literatureAspergers,asperger-s-syndromeAspergers,asperger-syndromeAspergers,aspergersAspergers,asperger-sasphyxia,asphyxiaassassination,assassinationAssassins,assassinAssassins,assassinsassisted-suicide,assisted-suicideasthma,asthmaastronomy,astronomyAtheism,atheistAtheism,atheismatheism-and-religion,atheism-and-religionatheism-and-religion,atheism-religionathletics,athleticsatrocity,atrocityattachment-disorder,attachment-disorderauschwitz,auschwitzaussie,aussieaussie-author,aussie-authoraussie-authors,aussie-authorsausten,austenausten-inspired,austen-inspiredaustenesque,austenesqueaustralia,australiaaustralia-nz,australia-nzaustralia,australian-litaustralia,australianaaustralia,australianaustralian-author,australian-authoraustralian-authors,australian-authorsaustralian-books,australian-booksaustralia,australian-fictionaustralia,australian-literatureaustralian-women-writers,australian-women-writersaustria,austriaauthors-of-color,authors-of-colorautism,autismautism-aspergers,autism-aspergersautism-spectrum,autism-spectrumautobiography,autobiographiesautobiography,autobiographyautobiography,auto-biographyautobiography,auto-biographiesauto-racing,auto-racingautobiography,autobiographicalautobiography-biography,autobiography-biographyautobiography,autobiography-memoiraward-winning,award-winneraward-winning,award-winningawesome-hackers,awesome-hackersawesome-killer-girls,awesome-killer-girlsawesome-killers,awesome-killersawful-facts,awful-factsawful-killers,awful-killersawful-people,awful-peopleawful-serial-killers,awful-serial-killersbabies,babiesbabies,babybackpacking,backpackingbad-boys,bad-boybad-boys,bad-boysbadass-hacker,badass-hackerbadass-heroine,badass-heroinebalkans,balkansbanned,bannedbanned-books,banned-booksbarack-obama,barack-obamabarcelona,barcelonabarefoot-running,barefoot-runningbaseball,baseballbaseball-as-a-metaphor-for-life,baseball-as-a-metaphor-for-lifebaseball,baseball-booksbased-on-a-true-story,based-on-a-true-storybdsm,bdsmbeach,beachbeach-reads,beach-readbeach-reads,beach-readsbeautiful,beautifulbeautiful-writing,beautiful-writingbeauty,beautybees,beesbehavior,behaviorbehavioral,behavioralbehavioral-economics,behavioral-economicsbehavioral-psychology,behavioral-psychologybellwether-prize,bellwether-prizebengali,bengalibenjamin-franklin,benjamin-franklinbereavement,bereavementberlin,berlinbest-for-bookclubs,best-for-bookclubsbest-foreign-book,best-foreign-bookbest-on-afghanistan,best-on-afghanistanbetween-the-lines,between-the-linesbible,biblebible-studies,bible-studiesbible-study,bible-studybiblical,biblicalbiblical,biblical-fictionbibliophiles,bibliophilesbildungsroman,bildungsromanbillionaires,billionairebillionaires,billionairesbiographies,biobiographies,bio-memoirbioethics,bioethicsbiographies,biographicalbiographies,biographical-fictionbiographies,biographical-novelbiographies,biographiesbiographies,biographies-and-memoirsbiographies,biographies-memoirsbiographies,biographybiographies,biography-and-memoirbiographies,biography-autobiographybiography-history,biography-historybiographies,biography-memoirbiographies,biography-memoirsbiologists,biologistsbiology,biologybiopunk,biopunkbiographies,bios-memoirsbiotech,biotechbiotechnology,biotechnologybirth,birthbirth-defects,birth-defectsbit-lit,bit-litblack,blackblack-authors,black-authorsblack-dagger,black-daggerblack-history,black-historyblack-humor,black-humorblack-migration-from-the-south,black-migration-from-the-southblack-studies,black-studiesblindness,blindnessblitz,blitzboarding-school,boarding-schoolbody,bodybody-image,body-imagebombay,bombaybombers,bombersbook-boyfriend,book-boyfriendbook-boyfriends,book-boyfriendsbook-to-movie,book-to-moviebooker-prize,booker-prizebooks,booksbooks-about-books,books-about-booksbooks-about-food,books-about-foodbooks-about-hackers,books-about-hackersbooks-about-writing,books-about-writingbooks-for-children,books-for-childrenbooks-in-verse,books-in-versebooks-into-movies,books-into-moviesbooks-made-into-movies,books-made-into-moviesbooks-on-american-history,books-on-american-historybooks-on-books,books-on-booksbooks-on-engineering,books-on-engineeringbooks-on-writing,books-on-writingbooks-that-are-movies,books-that-are-moviesbooks-that-made-me-cry,books-that-made-me-crybooks-to-movies,books-to-moviesbookstores,bookstoresbosnia,bosniabosnia-herzagovina,bosnia-herzagovinaboston,bostonbotanical-interest,botanical-interestbotany,botanybounty-hunter,bounty-hunterboys,boysbrain,brainbrain-candy,brain-candybrazil,brazilbrazilian,brazilianbrazilian-rainforest,brazilian-rainforestbritish-literature,brit-litbritain,britainbritish,britishbritish-authors,british-authorsbritish-contemporary-fiction,british-contemporary-fictionbritish-country-estate,british-country-estatebritish-fiction,british-fictionbritish-history,british-historybritish-isles,british-islesbritish-literature,british-litbritish-literature,british-literaturebritish-mysteries,british-mysteriesbritish-mysteries,british-mysterybrooklyn,brooklynbrotherhood,brotherhoodbrothers,brothersbrothers-and-sisters,brothers-and-sistersbudapest,budapestbuddhism,buddhismbullying,bullyingburn-victim,burn-victimbusiness,businessbusiness-books,business-booksbusiness-economics,business-economicsbusiness-finance,business-financebutterflies,butterfliescadavers,cadaverscalcutta,calcuttacaldecott-winners,caldecottcaldecott-winners,caldecott-medalcaldecott-winners,caldecott-winnerscalifornia,californiacambridge,cambridgecanadian-literature,can-litcanadian-literature,canlitcanadian-literature,canadacanadian-literature,canadiancanadian-author,canadian-authorcanadian-authors,canadian-authorscanadian-literature,canadian-fictioncanadian-literature,canadian-litcanadian-literature,canadian-literaturecanadiana,canadianacancer,cancercannibalism,cannibalismcapital-punishment,capital-punishmentcapitalism,capitalismcaptivity,captivitycareer,careercaribbean,caribbeancats,catcats,cat-bookscatastrophe,catastrophecathedral,cathedralcatholicism,catholicismcats,catscelebrity,celebritycell-culture,cell-culturecentral-asia,central-asiacentury,centurycerebral-palsy,cerebral-palsycerebrovascular,cerebrovascularchangeling,changelingchangelings,changelingschannel-islands,channel-islandschapter-books,chapter-bookchapter-books,chapter-bookscharacter,charactercharleston,charlestoncheating,cheatingchechnya,chechnyachemistry,chemistrychicago,chicagochicago,chicago-citychicago-worlds-fair,chicago-worlds-fairchicago-worlds-fair,chicago-worlds-fairchick-books,chick-bookschick-lit-romance,chick-lit-romanceChicklit,chicklitChicklit,chick-litchildren,childchild-abduction,child-abductionchild-abuse,child-abusechild-narrator,child-narratorchild-prostitution,child-prostitutionchild-soldiers,child-soldierschildhood,childhoodchildhood-favorites,childhood-favoriteschildhood-memories,childhood-memorieschildhood-reads,childhood-readschildren,childrens-literaturechildren,childrenchildren,children-s-bookschildren,children-s-literaturechildren,childrensbookschildren,childrens-bookschildren,children-bookschildren-growing-up-through-war,children-growing-up-through-warchildren,children-s-bookchildren-young-adult,children-yachildren-young-adult,children-young-adultchildren,childrens-chapter-bookschildren,children-s-chapter-bookschildren,childrenschildren,childrens-fictionchildren,childrens-fictionchildren,childrens-litchildren,childrens-litchildrens-picture-books,childrens-picture-bookschile,chilechilean,chileanchilean-literature,chilean-literaturechina,chinachinese,chinesechinese-american,chinese-americanchinese-culture,chinese-culturechinese-literature,chinese-literaturecholera,cholerachristian,christianChristian Non Fiction,christian-non-fictionChristian Non Fiction,christian-nonfictionchristian-books,christian-bookschristian-fiction,christian-fictionchristian-inspirational,christian-inspirationalchristian-life,christian-lifechristian-fiction,christian-litchristian-reads,christian-readschristian-spiritual,christian-spiritualchristianity,christianitychristmas,christmaschristmas-books,christmas-bookschristmas-stories,christmas-storieschurch,churchcinderella,cinderellacircus,circuscities,citiescity-books,city-bookscivil,civilcivil-rights,civil-rightscivil-war,civil-warcivil-war-fiction,civil-war-fictioncivilization,civilizationclassics,classicclassics,classicsclassroom,classroomcleopatra,cleopatracliffhanger,cliffhangerclimate,climateclimate-change,climate-changeclimatology,climatologyclones,clonescloning,cloningclowns,clownscoffee-table,coffee-tablecognition,cognitioncognitive-science,cognitive-sciencecold-blooded-killers,cold-blooded-killerscold-blooded-killers,cold-killerscold-scandinavia,cold-scandinaviacold-war,cold-warcollapse,collapsecollection,collectioncollections,collectionscollege,collegecollege-life,college-lifecollege-romance,college-romancecolombian,colombiacolombian,colombiancolombian,colombian-literaturecolonial,colonialcolonial-america,colonial-americacolonial-history,colonial-historycolonialism,colonialismcolorado,coloradocolumbine,columbinecomedians,comedianscomedies,comediescomedy,comedycomedy-drama,comedy-dramacomic books,comiccomic books,comicbookscomic books,comic-bookscomic books,comic-bookcomic books,comic-books-graphic-novelscomic-fantasy,comic-fantasycomic books,comic-graphic-novelcomic books,comicscomic books,comics-and-graphic-novelscomics-and-manga,comics-and-mangacomic books,comics-graphic-novelscomics-manga,comics-mangacomics-marvel,comics-marvelcoming,comingcoming-of-age,coming-of-agecomix,comixcommunes,communescommunication,communicationcommunism,communismcomputer,computercomputers,computersconcentration-camps,concentration-campsconcierge,conciergeconditions,conditionsconflict,conflictcongo,congoconqueror,conquerorconspiracies,conspiraciesconspiracy,conspiracyconsumerism,consumerismcontemporary,contemporarycontemporary-fantasy,contemporary-fantasycontemporary-literature,contemporary-fictioncontemporary-literature,contemporary-litcontemporary-literature,contemporary-literaturecontemporary-realistic-fiction,contemporary-realistic-fictioncontemporary-romance,contemporary-romancecontemporary-ya,contemporary-yacontroversial,controversialcontroversial-topic,controversial-topiccookbooks,cookbookcookbooks,cookbookscookbooks-food,cookbooks-foodcooking,cookerycooking,cookingcooking,cooking-and-foodcooking,cooking-foodcormoran-strike,cormoran-strikecornwall,cornwallcorruption,corruptioncosmology,cosmologycounterculture,counterculturecountry-noir,country-noircourtroom,courtroomcourtroom-drama,courtroom-dramacozy,cozycozy-mysteries,cozy-mysteriescozy-mysteries,cozy-mysterycreative-nonfiction,creative-nonfictioncreativity,creativitycree,creecreepy,creepycrime,crimecrime-and-mystery,crime-and-mysterycrime,crime-fictioncrime-and-mystery,crime-mysterycrime-mystery-thriller,crime-mystery-thrillercrime-spree,crime-spreecrime-thrillers,crime-thrillercrime-thrillers,crime-thrillerscrimes,crimescrises,crisescrises,crisiscritical-thinking,critical-thinkingcriticism,criticismcrusades,crusadescuba,cubaculinary,culinarycults,cultscultural,culturalcultural-criticism,cultural-criticismcultural-germany,cultural-germanycultural-history,cultural-historycultural-identity,cultural-identitycultural-india,cultural-indiacultural-revolution,cultural-revolutioncultural-studies,cultural-studiesculture,culturecurrent-affairs,current-affairscurrent-events,current-eventscute,cuteCyberpunk,cyber-punkCyberpunk,cyberpunkcyborgs,cyborgsczech-republic,czech-republicczechoslovakia,czechoslovakiadante,dantedark,darkdark-fantasy,dark-fantasydark-humor,dark-humordark-urban-fantasy,dark-urban-fantasydata,datadata-science,data-sciencedaughters,daughtersdc-comics,dc-comicsdear-john,dear-johndeath,deathdeath-and-dying,death-and-dyingdeath-penalty,death-penaltydecision-making,decision-makingdefault,defaultdementia,dementiademigods,demigodsdemon,demondemons,demonsdepression,depressiondepression-era,depression-eradesert,desertdesign,designdetective,detectivedetective-fiction,detective-fictiondetectives,detectivesdetroit,detroitdevelopment,developmentdevil,devildevotional,devotionaldevotionals,devotionalsdiaries,diariesdiary,diarydictatorship,dictatorshipdiet,dietdiplomacy,diplomacydisabilities,disabilitiesdisability,disabilitydisaster,disasterdisasters,disastersdiscipleship,discipleshipdiscrimination,discriminationdisease,diseasediseases,diseasesdisturbing,disturbingdiverse-books,diverse-booksdiversity,diversitydivorce,divorcedoctors,doctorsdog,dogdog-books,dog-booksdog-stories,dog-storiesdog-training,dog-trainingdogs,dogsdomestic-abuse,domestic-abusedomestic-servants,domestic-servantsdominican,dominicandominican-republic,dominican-republicdowns-syndrome,down-syndromedowns-syndrome,downs-syndromedprk,dprkdracula,draculadragons,dragondragons,dragonsdrama,dramadreams,dreamsdreams-come-true,dreams-come-truedrug-abuse,drug-abusedrug-addiction,drug-addictiondrugs,drugsdual-pov,dual-povdual-timeline,dual-timelinedublin-murder-squad,dublin-murder-squaddutch,dutchdutch-east-india-company,dutch-east-india-companydwarves,dwarvesdysfunctional,dysfunctionaldysfunctional-families,dysfunctional-familiesdysfunctional-families,dysfunctional-familydystopian-fiction,dystopiandystopian-fiction,dystopicdystopian-fiction,dystopiasdystopian-fiction,dystopiadystopian-fiction,dystopia-post-apocalypticdystopia-utopia,dystopia-utopiadystopian-apocalyptic,dystopian-apocalypticdystopian-fiction,dystopian-booksdystopian-fiction,dystopian-fictiondystopian-fiction,dystopian-futuredystopian-fiction,dystopian-novelsdystopian-fiction,dystopian-post-apocalypticdystopian-romance,dystopian-romancedystopian-fiction,dystopian-societyearly-america,early-americaearly-american-history,early-american-historyeast-asia,east-asiaeastern-europe,eastern-europeeating,eatingeating-disorders,eating-disorderseco,ecoecology,ecologyecon,econeconomic,economiceconomics,economicseconomics-and-finance,economics-and-financeeconomics-business,economics-businesseconomics-finance,economics-financeeconomy,economyedelweiss,edelweissedinburgh,edinburghediting,editingeditors,editorseducation,educationeducational,educationaledwardian,edwardianedwardian-england,edwardian-englandegypt,egyptegyptian,egyptianegyptian-history,egyptian-historyegyptian-mythology,egyptian-mythologyelementary,elementaryelephants,elephantselves,elvesemigration,emigrationemotional,emotionalend-of-the-world,end-of-the-worldendurance,enduranceenduring-friendships,enduring-friendshipsenemies-to-lovers,enemies-to-loversenergy,energyEngland,-england-England,englandenglish-history,english-historyenglish-literature,english-literatureentertainment,entertainmententrepreneurship,entrepreneurshipenvironment,environmentenvironmental,environmentalenvironmentalism,environmentalismepic,epicepic-fantasy,epic-fantasyepidemic,epidemicepidemiology,epidemiologyepistolary,epistolaryepistolary,epistolary-novelsequine,equineerotic,eroticerotic-romance,erotic-romanceerotica,eroticaespionage,espionageessay,essayessay-collections,essay-collectionsessays,essaysethics,ethicsethiopia,ethiopiaethnic,ethniceugenics,eugenicseurope,europeeuropean,europeaneuropean-history,european-historyeuropean-literature,european-literatureeverglades,evergladesevermore,evermoreevil,evilevolution,evolutionex-military,ex-militaryex-police,ex-policeexercise,exerciseexpeditions,expeditionsexperience,experienceexperimental,experimentalexperimental-fiction,experimental-fictionexploration,explorationexplorers,explorersfables,fablesfactual,factualfaeries,faeriefaeries,faeriesfaeries,faeryfaeries,fairiesfaeries,fairyFairy Tales,fairytaleFairy Tales,fairy-taleFairy-tale Retellings,fairy-tale-retellingFairy-tale Retellings,fairytale-retellingFairy Tales,fairytalesFairy Tales,fairy-talesFairy-tale Retellings,fairytale-retellingsFairy-tale Retellings,fairy-tale-retellingsfairy-tale-inspired,fairy-tale-inspiredFairy-tale Retellings,fairy-tales-retoldfaith,faithfaith-based,faith-basedfamilies,familiesfamilies,familyfamily-drama,family-dramafamily-dysfunction,family-dysfunctionfamily-history,family-historyfamily-relationships,family-relationshipsfamily-saga,family-sagafamily-secrets,family-secretsfanfiction,fanfictionfantastical,fantasticalfantasy,fantasyFantasy Humor,fantasy-humourFantasy Humor,fantasy-humorfantasy-and-sci-fi,fantasy-and-sci-fifantasy-epic,fantasy-epicfantasy-fiction,fantasy-fictionfantasy-high,fantasy-highfantasy-juvenile,fantasy-juvenilefantasy,fantasy-literaturefantasy-magic,fantasy-magicfantasy-paranormal,fantasy-paranormalfantasy-romance,fantasy-romancefantasy-science-fiction,fantasy-science-fictionfantasy-series,fantasy-seriesfantasy-supernatural,fantasy-supernaturalfantasy-urban,fantasy-urbanfantasy-ya,fantasy-yafar-east,far-eastfarm,farmfarmers,farmersfarming,farmingfashion,fashionfast-food,fast-foodfast-paced,fast-pacedfather-daughter-relationship,mother-daughter-relationshipsfather-daughter-relationship,father-daughter-relationshipsfather-daughter-relationship,father-daughter-relationshipfather-son-relationship,father-son-relationshipfathers,fathersfathers-and-daughters,fathers-and-daughtersfathers-and-sons,fathers-and-sonsfeel-good,feel-goodfemale-author,female-authorfemale-authors,female-authorsfemale-protagonist,female-protagonistfeminism,feminismfeminist,feministfeminist-book-club,feminist-book-clubfertility,fertilityfeudal-japan,feudal-japanfever,feverfey,feyfiction,fictionfiction-contemporary,fiction-contemporaryfiction-fantasy,fiction-fantasyfiction-general,fiction-generalfiction-historical,fiction-historicalfiction-horror,fiction-horrorfiction,fiction-literaturefiction-military,fiction-militaryfiction-mystery,fiction-mysteryfiction-romance,fiction-romancefictionalized-memoir,fictionalized-memoirfictions,fictionsfictitious,fictitiousfighters,fighterfighters,fightersfilm,filmfinance,financefinance-economics,finance-economicsfinance,financialfinancial-crisis,financial-crisisfirst-in-series,first-in-seriesfirst-nations,first-nationsfitness,fitnessfitting-in,fitting-inflight,flightflorence,florenceflorida,floridaflorida-fiction,florida-fictionflying,flyingflying-machines,flying-machinesfolklore,folklorefood,foodfood-and-cooking,food-and-cookingfood-and-drink,food-and-drinkfood-and-nutrition,food-and-nutritionfood-and-wine,food-and-winefood,food-booksfood-cookbooks,food-cookbooksfood-cooking,food-cookingfood-culture,food-culturefood-drink,food-drinkfood-health,food-healthfood-history,food-historyfood-industry,food-industryfood,food-litfood-memoir,food-memoirfood-memoirs,food-memoirsfood-nutrition,food-nutritionfood-politics,food-politicsfood,food-relatedfood-wine,food-winefood-writing,food-writingfoodies,foodiefoodies,foodie-booksfoodies,foodiesFoot-binding,foot-bindingFoot-binding,footbindingfootball,footballforbidden-love,forbidden-loveforbidden-romance,forbidden-romanceforecasting,forecastingforeign,foreignforeign-affairs,foreign-affairsforeign-policy,foreign-policyforensic-science,forensicforensic-science,forensic-scienceforensic-science,forensicsforgiveness,forgivenessform,formfoster-care,foster-carefoster-children,foster-childrenfounding-fathers,founding-fathersfrance,francefrancophilia,francophiliafreemasons,freemasonsfrench,frenchfrench-history,french-historyfrench-lit,french-litfrench-literature,french-literaturefrench-resistance-movement,french-resistance-movementfrench-revolution,french-revolutionfriends,friendsfriends-relationships,friends-relationshipsfriends-to-lovers,friends-to-loversFriendship,friendshipsFriendship,friendshipfun-reads,fun-readsfundamentalism,fundamentalismfunny,funnyfuture,futurefuturism,futurismfuturistic,futuristicgames,gamesgaming,gaminggangs,gangsgarden,gardengardening,gardeninggargoyles,gargoylesgastronomy,gastronomygay-fiction,gaygay-fiction,gay-fictiongay-fiction,gay-litgeek,geekgender-and-sexuality,gendergender-and-sexuality,gender-and-sexualitygender-bender,gender-bendergender-studies,gender-studiesgenealogy,genealogygeneral,generalgeneral-history,general-historygeneral-science,general-sciencegenetic-engineering,genetic-engineeringgenetics,geneticsgenghis,genghisgenghis-khan,genghis-khangenocide,genocidefantasy,genre-fantasyhorror,genre-horrorgentleman-bastard,gentleman-bastardgeography,geographygeology,geologygeopolitics,geopoliticsgeorge-washington,george-washingtongerman,germangerman-history,german-historygerman-lit,german-litgerman-literature,german-literaturegerman-occupation,german-occupationgermany,germanyghost,ghostghost-stories,ghost-storiesghost-stories,ghost-storyghosts,ghostsgirl-power,girl-powergirls,girlsgirly-books,girlygirly-books,girly-bookslgbt,glbtlgbt,glbtqglobal,globalglobal-health,global-healthglobal-warming,global-warmingglobalization,globalizationgoblins,goblinsGod,godgods,godsgods-and-goddesses,gods-and-goddessesgold-rush,gold-rushgolems,golemsgothic,gothicgothic-fiction,gothic-fictiongovernment,governmentgraceling,gracelinggrammar,grammargrandfathers,grandfathersgraphic,graphicGraphic Novels,graphicnovelsGraphic Novels,graphic-novelsGraphic Novels,graphic-novelGraphic Novels,graphicnovelGraphic Novels,graphic_novelGraphic Novels,graphic_novelsGraphic Novels,graphic-novel-comicGraphic Novels,graphic-novel-comicsGraphic Novels,graphic-novels-and-comicsgraphic-novels-and-manga,graphic-novels-and-mangaGraphic Novels,graphic-novels-comic-booksGraphic Novels,graphic-novels-comicsgraphic-novels-manga,graphic-novels-mangagraphics,graphicsgreat-depression,great-depressiongreece,greecegreek,greekgreek-mythology,greek-mythologygreen,greengreen-living,green-livinggrief,griefgrit-lit,grit-litgritty-fantasy,gritty-fantasygrowing-up,growing-upGuilty Pleasure,guilty-pleasureGuilty Pleasure,guilty-pleasuresgulag,gulaggunslinger,gunslingergutsy-women,gutsy-womenhaiti,haitihalloween,halloweenHard-Boiled,hard-boiledHard-Boiled,hardboiledhard-science-fiction,hard-sci-fihard-science-fiction,hard-science-fictionhard-science-fiction,hard-sfhawaii,hawaiiheads,headshealing,healinghealth,healthhealth-and-fitness,health-and-fitnesshealth-and-medicine,health-and-medicinehealth-and-nutrition,health-and-nutritionhealth-and-wellness,health-and-wellnesshealth-and-fitness,health-fitnesshealth-medicine,health-medicinehealth-nutrition,health-nutritionhealth-and-wellness,health-wellnessHealthcare,healthcareHealthcare,health-carehealthy-eating,healthy-eatinghealthy-living,healthy-livingheart-transplant,heart-transplantheartbreaking,heartbreakingheaven,heavenheaven-is-for-real,heaven-is-for-realheist,heisthemingway,hemingwayhenry-viii,henry-viiiheroes,heroesheroes-of-olympus,heroes-of-olympusheroic-fantasy,heroic-fantasyhigh-fantasy,high-fantasyhigh-school,high-schoolhigh-school-romance,high-school-romancehighlander,highlanderhighlanders,highlandershiking,hikinghilarious,hilarioushippies,hippieshipster,hipsterhistorical,historiahistorical,historicHistorical Fiction,historic-fictionhistorical,historicalHistorical Fiction,ya-historical-fictionHistorical Fiction,historical-novelHistorical Fiction,historicalfictionHistorical Fiction,historical-fictionHistorical Fiction,historical-novelsHistorical Fiction,historical_fictionHistorical Fiction,history-historical-fictionHistorical Non Fiction,history-nonfictionHistorical Non Fiction,historical-non-fictionHistorical Non Fiction,historical-nonfictionHistorical Non Fiction,history-non-fictionHistorical Non-fiction,non-fiction-historyHistorical Non-fiction,nonfiction-historyhistorical-biography,historical-biographyhistorical-crime,historical-crimehistorical-fantasy,historical-fantasyHistorical Fiction,historical-fichistorical-fiction-ancient,historical-fiction-ancienthistorical-fiction-egypt,historical-fiction-egypthistorical-mysteries,historical-mysterieshistorical-mystery,historical-mysteryhistorical-romance,historical-romancehistorical-thriller,historical-thrillerhistory,historyhistory-american,history-americanhistory-american-revolution,history-american-revolutionhistory-and-biography,history-and-biographyhistory-anthropology,history-anthropologyhistory-biography,history-biographyhistory,history-booksHistorical Fiction,history-fictionhistory-france,history-francehistory-of-medicine,history-of-medicinehistory-of-science,history-of-sciencehistory-politics,history-politicshistory-russia,history-russiahistory-russian,history-russianhistory-us,history-ushistory-world,history-worldhistory-wwii,history-wwiihitler-s-rise-to-power,hitler-s-rise-to-powerholidays,holidayholidays,holidayshollywood,hollywoodholocaust,holocaustholocaust-wwii,holocaust-wwiihome-library,home-libraryhomelessness,homelesshomelessness,homelessnesshomesteading,homesteadinghopeless,hopelesshorror,horrorhorror-fiction,horror-fictionhorror-suspense,horror-suspensehorror-thriller,horror-thrillerhorses,horsehorses,horse-bookshorse-racing,horse-racinghorses,horseshorticulture,horticulturehot-for-teacher,hot-for-teacherhow-to,how-tohugo-award,hugo-awardhugo-award,hugo-award-winnershugo-nebula,hugo-nebulahugo-nominees,hugo-nomineehugo-nominees,hugo-nomineeshugo-award,hugo-winnerhugo-award,hugo-winnershuman,humanhuman-alien,human-alienhuman-animal-relationships,human-animal-relationshipshuman-behavior,human-behaviorhuman-rights,human-rightshuman-trafficking,human-traffickinghumanism,humanismhumanitarian,humanitarianhumanity,humanityhumor,humorhumor-satire,humor-satirehumorous,humoroushumorous-fiction,humorous-fictionhumour,humourhungarian-jews,hungarian-jewshungary,hungaryhunters,huntershurricane,hurricanehurricane-katrina,hurricane-katrinahypatia-of-alexandria,hypatia-of-alexandriaidaho,idahoidentity,identityidentity-theft,identity-theftillness,illillinois,illinoisillness,illnessillustrated,illustratedimage,imageimage-comics,image-comicsimaginary,imaginaryimmigrants,immigrantimmigrants,immigrant-experienceimmigrants,immigrantsimmigration,immigrationimmortal,immortalimmortality,immortalityimperialism,imperialismincest,incestindentured-servants,indentured-servantsindia,indiaindia-fiction,india-fictionindian,indianIndian Author,indian-authorIndian Author,indian-authorsindian-books,indian-booksindian-fiction,indian-fictionindian-lit,indian-litindian-literature,indian-literatureindian-mythology,indian-mythologyindian-writers,indian-writersindian-writing,indian-writingindians,indiansindie,indieindigenous,indigenousindigenous,indigenous-litindividual,individualindonesia,indonesiainfants,infantsinfernal-devices,infernal-devicesinferno,infernoinfertility,infertilityinformational,informationalinheritance,inheritanceinjustice,injusticeinnovation,innovationinspirational,inspirationinspirational,inspirationalinspirational,inspirational-fictioninspirational,inspiringintellectualism,intellectualismintense,intenseinterconnected-short-stories,interconnected-short-storiesinternational,internationalinternational-affairs,international-affairsinternational-development,international-developmentinternational-relations,international-relationsinterpersonal,interpersonalinterplanetary,interplanetaryintrigue,intrigueintuition,intuitioninvestigators,investigatorsinvesting,investinginvestment,investmentiowa,iowairan,iraniranian,iranianiranian-revolution,iranian-revolutioniraq,iraqiraq-war,iraq-warireland,irelandirish,irishirish-authors,irish-authorsirish-fiction,irish-fictionirish-literature,irish-litirish-literature,irish-literatureislam,islamislamic,islamicislands,islandislands,islandsisolation,isolationisrael,israelisrael-palestine,israel-palestineitalian-literature,italianitalian-fiction,italian-fictionitalian-literature,italian-lititalian-literature,italian-literatureitaly,italyjamaica,jamaicajane-austen,jane-austenjane-austen-related,jane-austen-relatedjapan,japanjapanese,japanesejapanese-authors,japanese-authorsjapanese-fiction,japanese-fictionjapanese-internment,japanese-internmentjapanese-lit,japanese-litjapanese-literature,japanese-literaturejapanese-prison-camp-experiences,japanese-prison-camp-experiencesjazz-age,jazz-agejersey,jerseyjesus,jesusjewish-literature,jewishjewish-literature,jewish-fictionjewish-literature,jewish-literaturejews,jewsjfk-assassination,jfk-assassinationjobs,jobsjohn-adams,john-adamsjournalism,journalismjourney,journeyjourneys,journeysjudaica,judaicajudaism,judaismjungle,junglejunior-fiction,junior-fictionjustice,justicejuvenile,juvenilejuvenile,juvenile-fictionkenya,kenyakick-ass-heroines,kick-ass-heroinekick-ass-heroines,kickass-heroinekick-ass-heroines,kick-ass-heroineskid-books,kid-bookskid-lit,kid-litkidnapping,kidnappingkids-books,kidskids-books,kids-bookskindness,kindnesskitchen,kitchenkorean,koreakorean,koreanlabor,laborlace-reading,lace-readinglancaster,lancasterlanguage,languagelanguage-linguistics,language-linguisticslanguages,languageslast-survivors,last-survivorslatin,latinlatin-america,latin-americalatin-american,latin-americanlatin-american-lit,latin-american-litlatin-american-literature,latin-american-literaturelatino,latinolatinoamericana,latinoamericanalaugh-out-loud,laugh-out-loudlaw,lawlawyer,lawyerlawyers,lawyersLBJ,lbjLDS,ldsLDS,lds-authorsleadership,leadershiplearning,learninglegal,legallegal-fiction,legal-fictionlegal-thriller,legal-thrillerlegal-thrillers,legal-thrillerslegend,legendlegislators,legislatorsleningrad,leningradleprosy,leprosylesbian,lesbianlesbian-fiction,lesbian-fictionleviathan,leviathanlgbt,lgbtlgbt,lgbt-bookslgbt,lgbt-fictionlgbt,lgbtqlgbt,lgbtqalgbt,lgbtqialiberia,liberialibraries,librarieslife,lifelife-lessons,life-lessonslifestyle,lifestylelight-reading,light-readinglighthouses,lighthouselighthouses,lighthouseslincoln,lincolnlinguistics,linguisticsliterary-fiction,lit-ficliterary,literaryliterary-criticism,literary-criticismliterary-fiction,literary-fictionliterary-horror,literary-horrorliterary-non-fiction-books,literary-non-fiction-booksliterature-fiction,literature-fictionlithuania,lithuanialiving,livinglocavore,locavorelocus-award,locus-awardlocus-award,locus-sci-filocus-award,locus-winnerslondon,londonlos-angeles,los-angelesloss,losslost-generation,lost-generationlouisiana,louisianaLove Triangles,love-trianglesLove Triangles,love-trianglelove-hate-relationship,love-hatelove-hate-relationship,love-hate-relationshiplove-stories,love-storieslove-stories,love-storylovesick-maidens,lovesick-maidensm-f,m-fm-m-romance,m-m-romancemade-into-movies,made-into-a-moviemade-into-movies,made-into-moviemade-into-movies,made-into-moviesmade-me-cry,made-me-crymagic,magicmagic-realism,magic-realismmagical,magicalmagical-realisim,magical-realisimmagical-realism,magical-realismmagicians,magiciansmaids,maidsmaine,mainemale-author,male-authormale-pov,male-povman-booker-prize,man-booker-prizeman-booker-prize,man-booker-prize-winnerman-booker-prize,man-booker-prize-winnersman-booker-prize,man-booker-winnerman-booker-prize,booker-winnerman-booker-prize,booker-winnersman-booker-prize,man-booker-winnersmanagement,managementmanga,mangamanga-comics,manga-comicsmanga-graphic-novels,manga-graphic-novelsmanhattan,manhattanmaps,mapsmarie-antoinette,marie-antoinettemarijuana,marijuanamarines,marinesmarital,maritalmaritime,maritimemaritime-history,maritime-historymarketing,marketingmarriage,marriagemars,marsmarvel,marvelmarvel-comics,marvel-comicsmary-magdalene,mary-magdalenemassachusetts,massachusettsmath,mathmathematics,mathematicsmayflower,mayflowermccarthyism,mccarthyismmedical,medicalmedical-history,medical-historymedical-research,medical-researchmedical-thriller,medical-thrillermedicine,medicinemedieval,medievalmedieval-england,medieval-englandmedieval-fantasy,medieval-fantasymediums,mediumsMemoir,memiorMemoir,memiorsMemoir,memoirsMemoir,memoirmemoir-autobiography,memoir-autobiographymemoir-bio,memoir-biomemoir-biography,memoir-biographymemoirs-and-biographies,memoirs-and-biographiesmemoirs-biographies,memoirs-biographiesmemoirs-biography,memoirs-biographymemoirs-bios,memoirs-biosmemory,memorymen,menmenage,menagemental,mentalmental-health,mental-healthmental-illness,mental-illnessmercy,mercymermaids,mermaidsmeta,metametafiction,metafictionmeteorology,meteorologymexican-revolution,mexican-revolutionmexico,mexicomice,micemichigan,michiganmicrohistories,microhistoriesmicrohistory,microhistorymid-east,mid-eastmiddle-aged,middle-agedmiddle-ages,middle-agesmiddle-east,middle-eastmiddle-eastern,middle-easternmidnight-sun,midnight-sunmidwest,midwestmidwifery,midwiferymilitary,militarymilitary-science-fiction,military-scifimilitary-science-fiction,military-sci-fimilitary-fantasy,military-fantasymilitary-fiction,military-fictionmilitary-history,military-historymilitary-science-fiction,military-science-fictionmilitary-science-fiction,military-sfmilitary-war,military-warmillennium,milleniummillennium,millenniummind,mindmindfuck,mindfuckminnesota,minnesotamiracles,miraclesmissing,missingmississippi,mississippimissouri,missourimm,mmmodern,modernmodern-classics,modern-classicsmodern-fantasy,modern-fantasymodern-fiction,modern-fictionmodern-lit,modern-litmodern-literary-fiction,modern-literary-fictionmodern-non-fiction,modern-non-fictionmolecular,molecularmonarch-butterflies,monarch-butterfliesmonasteries,monasteriesmoney,moneymongolia,mongoliamongols,mongolsmonsters,monstersmontreal,montrealmoore-christopher,moore-christophermoral-dilemmas,moral-dilemmasmormonism,mormonmormonism,mormonismmormonism,mormonsmother-daughter,mother-daughtermotherhood,motherhoodmothering,motheringmothers,mothersmothers-and-daughters,mothers-and-daughtersmotivation,motivationmotivational,motivationalmotorcycle,motorcyclemovie,moviemovie-tv,movie-tvmovies,moviesmulticultural,multiculturalmultigenerational,multigenerationalmultiple-pov,multiple-povmurder,murdermurder-mysteries,murder-mysteriesmurder-mysteries,murder-mysterymusic,musicmusic-biographies,music-biographiesmusic-biography,music-biographymusic-books,music-booksmusic-related,music-relatedmuslims,muslimsmutants,mutantsmutation,mutationmute,mutemysteries,mysteriesmysteries-thrillers,mysteries-thrillersmysteries,mysterymystery-crime,mystery-crimemystery-crime-thriller,mystery-crime-thrillermystery-detective,mystery-detectivemystery-historical,mystery-historicalmystery-suspense,mystery-suspensemystery-suspense-thriller,mystery-suspense-thrillermystery-thriller,mystery-thrillermystery-thriller-horror,mystery-thriller-horrormystery-thriller-suspense,mystery-thriller-suspensemystery-thrillers,mystery-thrillersmythology,mythmythology,mythologicalmythological-fiction,mythological-fictionmythology,mythologymythology-fiction,mythology-fictionmythopoeic,mythopoeicmythpunk,mythpunkmythology,mythsmyths-legends,myths-legendsnanny,nannynanotechnology,nanotechnologynantucket,nantucketnapoleonic,napoleonicnarrativa,narrativanarrative-nonfiction,narrative-nonfictionnasa,nasanational,nationalnational-book-award,national-book-awardnative,nativenative-american,native-americannative-american,native-american-litnative-american,native-americansnative-american-history,native-american-historynative-american,native-american-literaturenatural,naturalnatural-history,natural-historynature,naturenature-science,nature-sciencenaughty,naughtynautical,nauticalnazis,nazinazi-french-occupation,nazi-french-occupationnazi-germany,nazi-germanynazis,nazisnear-death-experience,near-death-experiencenear-future,near-futurenebula,nebulanebula-award,nebula-awardnebula-award,nebula-award-winnersnebula-award,nebula-nomineenebula-award,nebula-winnernebula-award,nebula-winnersnecromancers,necromancernecromancers,necromancersnecromancers,necromancyneo-victorian,neo-victorianneoliberalism,neoliberalismnepal,nepalnetherlands,netherlandsneuroscience,neurosciencenevada,nevadanew,newnew-adult,new-adultnew-adult-dystopia,new-adult-dystopianew-adult-romance,new-adult-romancenew-age,new-agenew-england,new-englandnew-jersey,new-jerseynew-orleans,new-orleansnew-weird,new-weirdnew-york,new-yorknew-york-city,new-york-citynew-zealand,new-zealandnew-zealand-author,new-zealand-authornew-zealand-authors,new-zealand-authorsnewbery-award,newberrynewbery-award,newberry-honornewbery-award,newbery-honorsnewbery-award,newbery-honornewbery-award,newbery-awardnewbery-award,newbery-booksnewbery-award,newbery-medalnewbery-award,newbery-medal-winnersnewspaper,newspapernf-history,nf-historyniagara-falls,niagara-fallsnigeria,nigerianigerian,nigeriannobel-prize-winners,nobelnobel-laureates,nobel-laureatenobel-laureates,nobel-laureatesnobel-prize-winners,nobel-prizenobel-prize-winners,nobel-prize-winnernobel-prize-winners,nobel-prize-winnersnobel-prize-winners,nobel-winnersnoir,noirnon-fiction-literature,non-fictionnon-fiction-literature,general-nonfictionnon-fiction-literature,nonfictionnon-fiction-literature,general-non-fictionnon-fiction-literature,non-ficnon-fiction-general,non-fiction-generalnon-fiction-humor,non-fiction-humornon-fiction-literature,non-fiction-literaturenon-fiction-memoir,non-fiction-memoirnon-fiction-religion,non-fiction-religionnon-fiction-science,non-fiction-sciencenon-fiction-sports,non-fiction-sportsnordic,nordicnordic-noir,nordic-noirnorsk,norsknorth-america,north-americanorth-carolina,north-carolinanorth-dakota,north-dakotanorth-korea,north-koreanorway,norwaynorwegian-literature,norwegiannorwegian-authors,norwegian-authorsnorwegian-literature,norwegian-litnorwegian-literature,norwegian-literaturenostalgia,nostalgianova-scotia,nova-scotianovel-in-verse,novel-in-versenovela,novelanovelists,novelistsNovellas,novellaNovellas,novellasnovellas-short-stories,novellas-short-storiesnovels-in-verse,novels-in-versenutrition,nutritionnyc,nycnz,nzoccult,occultoceania,oceaniaodd,oddoffice,officeofficers,officersohio,ohioolder-woman-younger-man,older-woman-younger-manolympians,olympianson-writing,on-writingopera,operaorange,orangeoregon,oregonorgan-donation,organ-donationoriental,orientalorleans,orleansorphans,orphansoutdoors,outdoorsovercoming-adversity,overcoming-adversityozarks,ozarkspacific-crest-trail,pacific-crest-trailpacific-northwest,pacific-northwestpage-turner,page-turnerpakistan,pakistanpakistani,pakistanipalestine,palestinepalestine-israel,palestine-israelpalestinian-literature,palestinian-literaturepaolo-coelho,paolo-coelhopapua-new-guinea,papua-new-guineaparalysis,paralysisparanormal,paranormalparanormal-fantasy,paranormal-fantasyparanormal-fiction,paranormal-fictionparanormal-mystery,paranormal-mysteryparanormal-romance,paranormal-romanceparanormal-supernatural,paranormal-supernaturalparanormal-urban-fantasy,paranormal-urban-fantasyparanormal-vampires,paranormal-vampiresparanormal-ya,paranormal-yaparenthood,parenthoodparenting,parentingparis,parisparis,paris-franceparody,parodypassion,passionpatients,patientspedagogy,pedagogypen-faulkner-award,pen-faulkner-awardpennsylvania,pennsylvaniapeople,peopleperforming,performingpersonal,personalpersonal-development,personal-developmentpersonal-growth,personal-growthpersonal-mba,personal-mbaperu,perupets,petspharmaceutical-research,pharmaceutical-researchphiladelphia,philadelphiaphilosophy,philosophicalphilosophy,philosophyphotography,photographyphysicists,physicistsphysics,physicsPicture Books,picture-booksPicture Books,picturebooksPicture Books,picture-bookpilgrimage,pilgrimagepilgrims,pilgrimspirate,piratepirates,piratespixies,pixiesplace,placeplague,plagueplanets,planetsplantation-life,plantation-lifeplants,plantsplay,playplays,playsplymouth,plymouthPOC,pocPOC,poc-authorpoetry,poetrypoland,polandpoli-sci,poli-scipolice,policepolice-procedural,police-proceduralpolicial,policialpolicy,policypolitical,politicalpolitical-economy,political-economypolitical-history,political-historypolitical-satire,political-satirepolitical-science,political-sciencepolitical-theory,political-theorypolitics,politicspolitics-current-events,politics-current-eventspolitics-economics,politics-economicspolitics-history,politics-historypolygamy,polygamypomo,pomoPop Culture,pop-culturePop Culture,popculturepop-psychology,pop-psychologypop-science,pop-sciencepopular,popularpopular-fiction,popular-fictionpopular-science,popular-scienceportland,portlandportugal,portugalportuguese-authors,portuguese-authorsportuguese-literature,portuguese-literatureportugueses,portuguesespost-9-11,post-9-11post-apocalypse,post-apocalypsePost-apocalyptic,post-apocalypticPost-apocalyptic,postapocalypticPost-colonial,post-colonialPost-colonial,postcolonialPost-modern,postmodernPost-modern,post-modernismPost-modern,postmodernismPost-modern,post-modernpost-traumatic-stress,post-traumatic-stressposthuman,posthumanposthumous,posthumouspotatoes,potatoespotus,potuspoverty,povertyPOW,powpowers,powerspregnancy,pregnancypregnancy-birth,pregnancy-birthpregnancy-childbirth,pregnancy-childbirthpregnancy-parenting,pregnancy-parentingprejudice,prejudicepresidential-biographies,presidential-biographiespresidential-biography,presidential-biographypresidential-bios,presidential-biospresidents,presidentpresidents,presidentspresidents,presidentialprincess,princessprincesses,princessesprintz,printzprintz-award,printz-awardprison,prisonprisoners,prisonersprivate,privateprize-winners,prizeprize-winners,prize-winnersprize-winners,newbery-winnersprize-winners,pulitzer-winnerprize-winners,booker-prize-winnerprize-winners,booker-prize-winnersprize-winners,national-book-award-winnersprize-winners,national-book-award-winnerprize-winners,newbery-winnerprize-winners,pulitzer-winnersprocedural,proceduralproductivity,productivityprofessional,professionalprofessional-development,professional-developmentprogramming,programmingprose,proseprose-poetry,prose-poetryprostitution,prostitutionPsychology,psychPsychology,psychologicalpsychological-horror,psychological-horrorpsychological-mystery,psychological-mysterypsychological-suspense,psychological-suspensepsychological-thriller,psychological-thrillerpsychological-thrillers,psychological-thrillersPsychology,psychologyPsychology,-psychology-psychology-self-help,psychology-self-helppsychology-sociology,psychology-sociologyPTSD,ptsdpublic-health,public-healthpulitzer-prize,pulitzerpulitzer-prize,pulitzer-fictionpulitzer-prize,pulitzer-finalistpulitzer-prize,pulitzer-finalistspulitzer-prize,pulitzer-non-fictionpulitzer-prize,pulitzer-prizepulitzer-prize,pulitzer-prize-fictionpulitzer-prize,pulitzer-prize-for-fictionpulitzer-prize,pulitzer-prize-winnerpulitzer-prize,pulitzer-prize-winnerspulitzer-prize,pulitzerspunctuation,punctuationpunk,punkpuritans,puritanspushing-the-limits,pushing-the-limitsquarter-life-crisis,quarter-life-crisisquebec,quebecqueen,queenqueens,queensqueer-lit,queerqueer-lit,queer-litquests,questsquick-reads,quick-readsquilting,quiltingquirky,quirkyquirky-characters,quirky-charactersrabbits,rabbitsrace,racerace-in-america,race-in-americarace-relations,race-relationsracial-discrimination,racial-discriminationracing,racingracism,racismrape,raperationalism,rationalismrationality,rationalityreal-life,real-liferealism,realismrealistic,realisticrealistic-fiction,realistic-fictionreason,reasonrecovery,recoveryreference,referencerefugee,refugeerefugees,refugeesregency,regencyregions,regionsrehab,rehabreincarnation,reincarnationrelations,relationsrelationships,relationshipsreligion,religionreligion-and-atheism,religion-and-atheismreligion-and-philosophy,philosophy-religionreligion-and-philosophy,philosophy-and-religionreligion-and-philosophy,religion-and-philosophyreligion-and-spirituality,religion-and-spiritualityreligion-atheism,religion-atheismreligion-philosophy,religion-philosophyreligion-spirituality,religion-spiritualityreligions,religionsreligious,religiousreligious-fiction,religious-fictionreligious-studies,religious-studiesreligous,religousrenaissance,renaissancereporters,reportersreporting,reportingresearch,researchrestaurants,restaurantsRetellings,retellingRetellings,retellingsrevenge,revengerevolution,revolutionrevolutionary,revolutionaryrevolutionary-war,revolutionary-warrhode-island,rhode-islandrhodesia,rhodesiarights,rightsRoad Trip,roadtripRoad Trip,road-triprobbers,robbersrock-and-roll,rockrock-and-roll,rock-and-rollrock-and-roll,rock-n-rollromantic-comedy,rom-comroman-empire,roman-empireroman-mythology,roman-mythologyromance,romanceromance-contemporary,romance-contemporaryromance-erotic,romance-eroticromance-erotica,romance-eroticaromance-historical,romance-historicalromance-novels,romance-novelsromance-paranormal,romance-paranormalromania,romaniaromanian,romanianromans,romansromantic,romanticromantic-comedy,romantic-comedyromantic-suspense,romantic-suspenserome,romeroyals,royalsroyalty,royaltyrunning,runningrunning,running-booksrural,ruralrussia,russiarussia,russia-ussrrussia,russianrussian-history,russian-historyrwanda,rwandasad,sadsagas,sagasagas,sagassailing,sailingsalem,salemsalem-witch-trials,salem-witch-trialssalman-rushdie,salman-rushdiesamurai,samuraisan-francisco,san-franciscosarajevo,sarajevosatire,satiresaudi-arabia,saudi-arabiasavannah-georgia,savannah-georgiaScandanavian Crime,scandinavian-crimeScandanavian Crime,scandanavian-crimescandinavian-literature,scandinaviascandinavian-literature,scandinavianscandinavian-literature,scandinavian-litscandinavian-literature,scandinavian-literaturescandinavian-mysteries,scandinavian-mysteriesscandinavian-mystery,scandinavian-mysteryscary,scaryschool,schoolschool-shooting,school-shootingschool-shootings,school-shootingsschool-violence,school-violenceschool,schoolsSci-Fi Fantasy,fantasy-sci-fiSci-Fi Fantasy,fantasy-scifiSci-Fi Fantasy,sf-fSci-Fi Fantasy,scifi-fantasySci-Fi Fantasy,sci-fi-fantasySci-Fi Fantasy,sffSci-Fi Fantasy,sci-fi-and-fantasyscience,scienceScience Fiction,sci-fiScience Fiction,scifiScience Fiction,sciencefictionScience Fiction,science-fictionscience-and-medicine,science-and-medicinescience-and-religion,science-and-religionscience-fiction-and-fantasy,science-fiction-and-fantasyscience-fiction-fantasy,science-fiction-fantasyscience-history,science-historyscience-medicine,science-medicinescience-nature,science-naturescience,sciencesscientists,scientistsscifi-romance,scifi-romancescotland,scotlandscottish,scottishscottish-fiction,scottish-fictionsea,seasea-stories,sea-storiessea-voyage,sea-voyageseabiscuit,seabiscuitseafaring,seafaringseasonal,seasonalseattle,seattlesecond-world-war,second-world-warsecret-societies,secret-societiessecret-societies,secret-societysecrets,secretssecularism,secularismsegregation,segregationself-development,self-developmentself-help,self-helpself-improvement,self-improvementsenate,senatesequential-art,sequential-artserbia,serbiaserial,serialserial-killer,serial-killerserial-killers,serial-killersservants,servantssex,sexsexuality,sexualitysexy,sexyscience-fiction,sfscience-fiction-fantasy,sf-fantasyshadow-falls,shadow-fallsshanghai,shanghaishapeshifters,shapeshiftersshifters,shiftersshipwreck,shipwreckshipwrecks,shipwrecksshiver,shivershopaholic,shopaholicshopping,shoppingshort,shortShort Stories,shortstoriesShort Stories,short-storiesshort-fiction,short-fictionshort-stories-and-essays,short-stories-and-essaysshort-stories-essays,short-stories-essaysshort-stories-novellas,short-stories-novellasShort Stories,short-storyshort-story-collections,short-story-collectionshort-story-collections,short-story-collectionsshorts,shortssibling-rivalry,sibling-rivalrysiblings,siblingssiege-of-leningrad,siege-of-leningradsingularity,singularitysisterhood,sisterhoodsisters,sisterssixties,sixtiessk,skskepticism,skepticismslave,slaveslavery,slaverysleuths,sleuthssmall-town,small-townsmall-town,small-town-lifesmut,smutsnipers,sniperssocial-classes,social-classessocial-commentary,social-commentarysocial-history,social-historysocial-issues,social-issuessocial-justice,social-justicesocial-psychology,social-psychologysocial-science,social-sciencesocial-sciences,social-sciencessocial-studies,social-studiessocial-theory,social-theorysocial-work,social-worksocialism,socialismsociety,societysociology,sociologysociopath,sociopathsoldiers,soldierssolitude,solitudesomalia,somaliasonoran-desert,sonoran-desertsons,sonssouth,southSouth African,south-africaSouth African,south-africansouth-america,south-americasouth-american,south-americansouth-asia,south-asiasouth-asian,south-asiansouth-carolina,south-carolinasouth-pacific,south-pacificsouthern,southernsouthern-charm,southern-charmsouthern-fiction,southern-fictionsouthern-gothic,southern-gothicsouthern-lit,southern-litsouthern-literature,southern-literaturesouthern-vampire-mysteries,southern-vampire-mysteriessouthern-writer,southern-writersouthern-writers,southern-writerssoviet,sovietsoviet-union,soviet-unionspace,spacespace-opera,space-operaspain,spainspanish,spanishspanish-authors,spanish-authorsspanish-lit,spanish-litspanish-literature,spanish-literaturespec-fic,spec-ficspecial-needs,special-needsspeculative,speculativespeculative-fiction,speculative-fictionspelling,spellingspies,spiesspirituality,spiritspirituality,spiritualspiritual-formation,spiritual-formationspiritual-growth,spiritual-growthspirituality,spiritualityspirituality-religion,spirituality-religionspooky,spookysports,sportsports,sportssports-baseball,sports-baseballsports,sports-bookssports-fiction,sports-fictionspy,spyspy,spy-booksspy-thriller,spy-thrillersri-lanka,sri-lankastates,statesstatistics,statisticsSteampunk,steam-punkSteampunk,steampunksteamy,steamysteamy-romance,steamy-romancestories,storiesstory,storystorytelling,storytellingstranded,strandedstrange,strangestrategy,strategystrong-women,strong-womenstudent-teacher,student-teacherstudies,studiesstudy,studysuburbia,suburbiasubways,subwayssudan,sudansudanese,sudanesesuicide,suicidesummer,summersummer-reading,summer-readingsummer-reads,summer-readsSuper Hero,superheroSuper Hero,super-heroSuperheroes,superheroesSuperheroes,super-heroesSuperheroes,superherossupernatural,supernaturalsupernatural-fiction,supernatural-fictionsupernatural-paranormal,supernatural-paranormalSuperpowers,super-powersSuperpowers,superpowerssurreal,surrealsurrealism,surrealismsurvival,survivalsuspense,suspensesuspense-mystery,suspense-mysterysuspense-thriller,suspense-thrillersustainability,sustainabilityswedish,swedenswedish,swedishswedish,swedish-literatureswimming,swimmingswoon-worthy,swoon-worthysword-and-laser,sword-and-lasersword-and-sorcery,sword-and-sorcerysword-and-laser,sword-lasersymbols,symbolssyrian,syriantabitha-suzuma,tabitha-suzumataboo,tabootahiti,tahititales,talestaliban,talibantalking-animals,talking-animalstattoos,tattoosteacher-student,teacher-studentteachers,teachersteaching,teachingTear-jerker,tearjerkerTear-jerker,tear-jerkerTear-jerker,tear-jerkersTear-jerker,tearjerkerstech,techtechno-thriller,techno-thrillertechnological,technologicaltechnology,technologyteen,teenteen,teen-booksteen-fantasy,teen-fantasyteen,teen-fictionteen,teen-readsteen-romance,teen-romanceteen,teen-litteen,teenlitteen,teenstelephones,telephonesTelevision,televisiontennessee,tennesseeterror,terrorterrorism,terrorismtexas,texasthailand,thailandthe-elite,the-elitethe-host,the-hostthe-others,the-othersthe-passage,the-passagethe-sea,the-seathe-south,the-souththe-tudor-court,the-tudor-courtthe-tudors,the-tudorsthe-twilight-saga,the-twilight-sagathe-wedding,the-weddingthe-west,the-westthe-zombie-room,the-zombie-roomtheater,theatertheatre,theatretheft,thefttheology,theologytheory,theorythieves,thievesthinking,thinkingthird-reich,third-reichthought-provoking,thought-provokingThriller,thrillThriller,thrillersThriller,thrillerthriller-crime,thriller-crimethriller-horror,thriller-horrorthriller-mystery,thriller-mysterythriller-suspense,thriller-suspensetigers,tigerstime,timeTime Travel,timetravelTime Travel,time-traveltime-travel-romance,time-travel-romanceTime Travel,time-travelingTime Travel,time-travellingtokyo,tokyotom-wolfe,tom-wolfetorture,torturetortured-hero,tortured-herototalitarianism,totalitarianismtough-issues,tough-issuestown,towntrading,tradingtrafficking,traffickingtragedy,tragedytragic,tragictrans,transtransgressive,transgressivetransgressive-fiction,transgressive-fictiontranshuman,transhumantranshumanism,transhumanismtravel,traveltravel-adventure,travel-adventuretravel,travel-bookstravel,travel-literaturetravel,travel-writingtravel,traveloguetrials,trialstribal-justice,tribal-justicetrolls,trollstrue-adventure,true-adventuretrue-crime,true-crimetrue-life-novel,true-life-noveltrue-stories,true-storiestrue-story,true-storytudor,tudortudor-court,tudor-courttudor-england,tudor-englandtudor-era,tudor-eratudor-fiction,tudor-fictiontudor-history,tudor-historytudors,tudorsturkey,turkeyturkish-literature,turkishturkish-literature,turkish-litturkish-literature,turkish-literaturetween,tweentwins,twinstwist-endings,twist-endingsU.S. History,us-historyU.S. History,u-s-historyU.S. History,u-s--historyU.S. Presidents,us-presidentsU.S. Presidents,u-s-presidentsugly-cry,ugly-cryuk,ukukraine,ukraineundead,undeadunearthly,unearthlyunemployment,unemploymentunique,uniqueunited,unitedunited-kingdom,united-kingdomunited-states,united-statesuniversity,universityunreliable-narrator,unreliable-narratorunwind,unwindupstate-new-york,upstate-new-yorkurban,urbanUrban Fantasy,urbanfantasyUrban Fantasy,urban-fantasyurban-studies,urban-studiesuruguay,uruguayus-ambassador-to-germany,us-ambassador-to-germanyus-civil-war,us-civil-warusa,usaussr,ussrutah,utahutopia-dystopia,utopia-dystopiavalues,valuesvampire,vampirevampire-books,vampire-booksvampire-fiction,vampire-fictionvampire-romance,vampire-romancevampire-series,vampire-seriesvampires,vampiresvampires-werewolves,vampires-werewolvesvermont,vermontverse-novel,verse-novelvertigo,vertigovictims,victimsVictorian,victorianVictorian,victorianavideo-games,video-gamesvietnam,vietnamvietnam-war,vietnam-warviolence,violenceVirgin,virginVirgin,virginsvirgin-heroine,virgin-heroinevirginia,virginiavirtual-reality,virtual-realityvirus,virusvisit-to-heaven,visit-to-heavenvoyages,voyageswalking,walkingwall-street,wall-streetwanderlust,wanderlustwar,warwar-fiction,war-fictionwar-military,war-militarywar-on-terror,war-on-terrorwar-stories,war-storieswarfare,warfarewarming,warmingwarriors,warriorwarrior-cats,warrior-catswarriors,warriorswashington,washingtonwashington-dc,washington-dcweird,weirdweird,weird-fictionwerewolves,wereswerewolves,werewolfwerewolves,werewolfswerewolves,werewolveswerewolves-shapeshifters,werewolves-shapeshifterswerewolves-shapeshifters,werewolves-shifterswest,westwesterns,westernwestern-romance,western-romancewesterns,westernswhaling,whalingwidows,widowswilderness,wildernesswinter,winterwisconsin,wisconsinwit,witwitches,witchwitch-song,witch-songwitchcraft,witchcraftwitches,witcheswitches-and-wizards,witches-and-wizardswitches-wizards,witches-wizardswitches,witchywitnesses,witnesseswizard,wizardwizards,wizardswolves,wolveswomen,womenwomen-authors,women-authorswomen-s-health,women-s-healthwomen-s-issues,women-s-issueswomen-writers,women-writersWomens Fiction,womens-fictionWomens Fiction,women-s-fictionwomens-murder-club,womens-murder-clubwomens-rights,womens-rightswomens-studies,womens-studieswomens-studies,womens-studieswonder,wonderwordplay,wordplaywork,workworkplace,workplaceworld,worldworld-history,world-historyworld-lit,world-litworld-literature,world-literatureworld-war-two,world-war-iiworld-war-one,world-war-oneworld-war-two,world-war-twowormholes,wormholeswriters,writerswriters-of-color,writers-of-colorwriting,writingwriting-books,writing-bookswriting-craft,writing-craftwtf,wtfworld-war-one,ww1world-war-one,wwiworld-war-two,ww2world-war-two,world-war-1world-war-two,world-war-2world-war-two,world-war-iworld-war-two,ww-iiworld-war-two,ww-2world-war-two,wwiiwwii-fiction,wwii-fictionwwii-holocaust,wwii-holocaustx-men,x-menya,yaYA Dystopian,ya-dystopiaYA Dystopian,ya-dystopianya-books,ya-booksya-contemporary,ya-contemporaryya-fantasy,ya-fantasyya-fiction,ya-fictionya-graphic-novels,ya-graphic-novelsya-historical,ya-historicalya-horror,ya-horrorYoung Adult,ya-litYoung Adult,ya-literatureya-mystery,ya-mysteryya-novels,ya-novelsya-paranormal,ya-paranormalya-paranormal-romance,ya-paranormal-romanceya-realistic-fiction,ya-realistic-fictionya-romance,ya-romanceya-sci-fi,ya-sci-fiya-series,ya-seriesyoga,yogaYoung Adult,youngadultYoung Adult,young-adultYoung Adult,young-adult-booksyoung-adult-fantasy,young-adult-fantasyyoung-adult-fiction,young-adult-fictionYoung Adult,young-adult-litYoung Adult,young-adult-literatureyoung-adult-paranormal,young-adult-paranormalyoung-adult-romance,young-adult-romanceyoung-adults,young-adultsyoung-detective,young-detectiveyouth,youthyugoslavia,yugoslaviazambia,zambiazimbabwe,zimbabwezombie,zombiezombie-books,zombie-bookszombies,zombies